Workbook

Sheet Convenzioni codifica
A1: Prefisso codifica | B1: Significato
A2: INF# | B2: Input estratti da Zucchetti Infinity (Co.Ge.).
A3: E / R / RA / C / CS / I | B3: Codici voce del Conto Economico gestionale.
A4: C20 | B4: Input estratti da Campus 2.0 (Tool Incentive).
A5: TG# | B5: Tabelle guida CDG.
A6: P# | B6: Processi (Actual / Forecast).
A7: O1# | B7: Output del modulo.
A8: RIB# | B8: Regole di ribaltamento
A9: STEP# | B9: Step delle regole di proiezione Forecast

Sheet Dizionario campi
A1: Codice campo | B1: Campo | C1: Fonte
A2: D0 | B2: Data estrazione | C2: Campus / Infinity
A3: D1 | B3: Data erogazione | C3: Campus
A4: D2 | B4: Anno di riferimento | C4: Campus / Infinity
A5: D3 | B5: Mese di riferimento | C5: Campus / Infinity
A6: D21 | B6: Prodotto | C6: Campus
A7: D5 | B7: Tipo tasso | C7: Campus
A8: D6 | B8: Istituto | C8: Campus
A9: D7 | B9: Collaboratore | C9: Campus
A10: D8 | B10: Gestore | C10: Campus
A11: D9 | B11: Tutor | C11: Campus
A12: D10 | B12: Senior | C12: Campus
... A21: D4 | B21: Categoria prodotto | C21: Campus / Infinity

Sheet Campus
B1: Codice campo | C1: =+INDEX('Dizionario campi'!$A:$A,MATCH(C2,'Dizionario campi'!$B:$B,0),1) -> D0 | D1: =+INDEX('Dizionario campi'!$A:$A,MATCH(D2,'Dizionario campi'!$B:$B,0),1) -> D1 | E1: =+INDEX('Dizionario campi'!$A:$A,MATCH(E2,'Dizionario campi'!$B:$B,0),1) -> D2 | F1: =+INDEX('Dizionario campi'!$A:$A,MATCH(F2,'Dizionario campi'!$B:$B,0),1) -> D3 | G1: =+INDEX('Dizionario campi'!$A:$A,MATCH(G2,'Dizionario campi'!$B:$B,0),1) -> D21 | H1: =+INDEX('Dizionario campi'!$A:$A,MATCH(H2,'Dizionario campi'!$B:$B,0),1) -> D5 | I1: =+INDEX('Dizionario campi'!$A:$A,MATCH(I2,'Dizionario campi'!$B:$B,0),1) -> D6 | J1: =+INDEX('Dizionario campi'!$A:$A,MATCH(J2,'Dizionario campi'!$B:$B,0),1) -> D7 | ... O1: =+INDEX('Dizionario campi'!$A:$A,MATCH(O2,'Dizionario campi'!$B:$B,0),1) -> D12
A2: Codice voce | B2: Voce | C2: Data estrazione | D2: Data erogazione | E2: Anno di riferimento | F2: Mese di riferimento | G2: Prodotto | H2: Tipo tasso | I2: Istituto | J2: Collaboratore | K2: Gestore | L2: Tutor | M2: Senior | N2: Responsabile area | O2: Agenzia Kiron
A3: E1 | B3: Erogato | C3: x | D3: x | E3: x | F3: x | G3: x | H3: x | I3: x | J3: x | K3: x | L3: x | M3: x | N3: x | O3: x
A4: R1 | B4: Payin cliente | C4: x | D4: x | E4: x | F4: x | G4: x | H4: x | I4: x | J4: x | K4: x | L4: x | M4: x | N4: x | O4: x
A5: R2 | B5: Payin istituto | C5: x | D5: x | E5: x | F5: x | G5: x | H5: x | I5: x | J5: x | K5: x | L5: x | M5: x | N5: x | O5: x
A6: C4 | B6: Payout | C6: x | D6: x | E6: x | F6: x | G6: x | H6: x | I6: x | J6: x | K6: x | L6: x | M6: x | N6: x | O6: x
A7: C7 | B7: Coordinamento rete | C7: x | D7: x | E7: x | F7: x | G7: x | H7: x | I7: x | J7: x | K7: x | L7: x | M7: x | N7: x | O7: x
A8: C9 | B8: Payout progetto giovani | C8: x | D8: x | E8: x | F8: x | G8: x | H8: x | I8: x | J8: x | K8: x | L8: x | M8: x | N8: x | O8: x
A12: Codice voce | B12: Campi | C12: Indicazione per estrazione
A13: =+INDEX('Dizionario campi'!$A:$A,MATCH(B13,'Dizionario campi'!$B:$B,0),1) -> D0 | B13: Data estrazione | C13: Data in cui si estraggono gli input
A14: =+INDEX('Dizionario campi'!$A:$A,MATCH(B14,'Dizionario campi'!$B:$B,0),1) -> D19 | B14: Data di riferimento | C14: Data di competenza
A15: =+INDEX('Dizionario campi'!$A:$A,MATCH(B15,'Dizionario campi'!$B:$B,0),1) -> D2 | B15: Anno di riferimento | C15: Anno di competenza
A16: =+INDEX('Dizionario campi'!$A:$A,MATCH(B16,'Dizionario campi'!$B:$B,0),1) -> D3 | B16: Mese di riferimento | C16: Mese di competenza
A17: =+INDEX('Dizionario campi'!$A:$A,MATCH(B17,'Dizionario campi'!$B:$B,0),1) -> D21 | B17: Prodotto | C17: Raggruppare a livello di elemento più basso del catalogo prodotti
A18: =+INDEX('Dizionario campi'!$A:$A,MATCH(B18,'Dizionario campi'!$B:$B,0),1) -> D5 | B18: Tipo tasso | C18: Raggruppare a livello di tipo tasso
A19: =+INDEX('Dizionario campi'!$A:$A,MATCH(B19,'Dizionario campi'!$B:$B,0),1) -> D6 | B19: Istituto | C19: Raggruppare a livello di istituto
A20: =+INDEX('Dizionario campi'!$A:$A,MATCH(B20,'Dizionario campi'!$B:$B,0),1) -> D7 | B20: Collaboratore | C20: Raggruppare a livello di collaboratore
A21: E1 | B21: Erogato | C21: Ogni mese estrarre i dati di competenza del mese, nei mesi successivi si conguaglia (registrando il delta quando si rileva)
A22: R1 | B22: Payin cliente | C22: Ogni mese estrarre i dati di competenza del mese, nei mesi successivi si conguaglia (registrando il delta quando si rileva)
A23: R2 | B23: Payin istituto | C23: Ogni mese estrarre i dati di competenza del mese, nei mesi successivi si conguaglia (registrando il delta quando si rileva)
A24: C4 | B24: Payout | C24: Ogni mese estrarre i dati di competenza del mese, nei mesi successivi si conguaglia (registrando il delta quando si rileva)
A25: C7 | B25: Coordinamento rete | C25: Ogni mese estrarre i dati di competenza del mese, nei mesi successivi si conguaglia (registrando il delta quando si rileva)
A26: C9 | B26: Payout progetto giovani | C26: Ogni mese estrarre i dati di competenza del mese, nei mesi successivi si conguaglia (registrando il delta quando si rileva)

Sheet C20-Incentivi
A1: Codice campo | B1: Campo | C1: Fonte | D1: Indicazioni per l'estrazione
A2: =+INDEX('Dizionario campi'!A:A,MATCH(B2,'Dizionario campi'!B:B,0),1) -> D0 | B2: Data estrazione | C2: Campus | D2: Data in cui si estraggono gli input
A3: =+INDEX('Dizionario campi'!A:A,MATCH(B3,'Dizionario campi'!B:B,0),1) -> D19 | B3: Data di riferimento | C3: Campus | D3: Data di competenza
A4: =+INDEX('Dizionario campi'!A:A,MATCH(B4,'Dizionario campi'!B:B,0),1) -> D2 | B4: Anno di riferimento | C4: Campus | D4: Anno di competenza
A5: =+INDEX('Dizionario campi'!A:A,MATCH(B5,'Dizionario campi'!B:B,0),1) -> D3 | B5: Mese di riferimento | C5: Campus | D5: Mese di competenza
A6: =+INDEX('Dizionario campi'!A:A,MATCH(B6,'Dizionario campi'!B:B,0),1) -> D7 | B6: Collaboratore | C6: Campus | D6: Raggruppare a livello di collaboratore
A7: =+INDEX('Dizionario campi'!A:A,MATCH(B7,'Dizionario campi'!B:B,0),1) -> D6 | B7: Istituto | C7: Campus | D7: Raggruppare a livello di istituto
A8: =+INDEX('Dizionario campi'!A:A,MATCH(B8,'Dizionario campi'!B:B,0),1) -> D21 | B8: Prodotto | C8: Campus | D8: Raggruppare a livello di elemento più basso del catalogo prodotti
A9: =+INDEX('Dizionario campi'!A:A,MATCH(B9,'Dizionario campi'!B:B,0),1) -> D5 | B9: Tipo tasso | C9: Campus | D9: Raggruppare a livello di tipo tasso
A10: C20 | B10: Incentivi passivi | C10: Campus | D10: Incentivi passivi

Sheet INF1.1-Analitica mese
A1: Codice campo | B1: Campo | C1: Fonte | D1: Indicazioni per l'estrazione
A2: =+INDEX('Dizionario campi'!A:A,MATCH(B2,'Dizionario campi'!B:B,0),1) -> D0 | B2: Data estrazione | C2: Infinity | D2: Data in cui si estraggono gli input
A3: =+INDEX('Dizionario campi'!A:A,MATCH(B3,'Dizionario campi'!B:B,0),1) -> D15 | B3: Conto contabile | C3: Infinity | D3: Conti contabili principali per cui è presente la suddivisione per categoria prodotto (payout, servizi di certificazione documentale, payin, rimborsi, rappel)
A4: =+INDEX('Dizionario campi'!A:A,MATCH(B4,'Dizionario campi'!B:B,0),1) -> D16 | B4: Voce | C4: Infinity | D4: Voci principali per cui è presente la suddivisione per categoria prodotto (payout, servizi di certificazione documentale, payin, rimborsi, rappel)
A5: =+INDEX('Dizionario campi'!A:A,MATCH(B5,'Dizionario campi'!B:B,0),1) -> D4 | B5: Categoria prodotto | C5: Infinity | D5: Raggruppare a livello di elemento più basso del catalogo prodotti disponibile
A6: =+INDEX('Dizionario campi'!A:A,MATCH(B6,'Dizionario campi'!B:B,0),1) -> D13 | B6: Importo | C6: Infinity | D6: Voci principali per cui è presente la suddivisione per categoria prodotto (payout, servizi di certificazione documentale, payin, rimborsi, rappel)
A7: =+INDEX('Dizionario campi'!A:A,MATCH(B7,'Dizionario campi'!B:B,0),1) -> D19 | B7: Data di riferimento | C7: Infinity | D7: Data di competenza
A8: =+INDEX('Dizionario campi'!A:A,MATCH(B8,'Dizionario campi'!B:B,0),1) -> D2 | B8: Anno di riferimento | C8: Infinity | D8: Anno di competenza
A9: =+INDEX('Dizionario campi'!A:A,MATCH(B9,'Dizionario campi'!B:B,0),1) -> D3 | B9: Mese di riferimento | C9: Infinity | D9: Mese di competenza

Sheet INF1.2-Analitica YTD
A1: Codice campo | B1: Campo | C1: Fonte | D1: Indicazioni per l'estrazione
A2: =+INDEX('Dizionario campi'!A:A,MATCH(B2,'Dizionario campi'!B:B,0),1) -> D0 | B2: Data estrazione | C2: Infinity | D2: Data in cui si estraggono gli input
A3: =+INDEX('Dizionario campi'!A:A,MATCH(B3,'Dizionario campi'!B:B,0),1) -> D15 | B3: Conto contabile | C3: Infinity | D3: Conti contabili principali per cui è presente la suddivisione per categoria prodotto (payout, servizi di certificazione documentale, payin, rimborsi, rappel)
A4: =+INDEX('Dizionario campi'!A:A,MATCH(B4,'Dizionario campi'!B:B,0),1) -> D16 | B4: Voce | C4: Infinity | D4: Voci principali per cui è presente la suddivisione per categoria prodotto (payout, servizi di certificazione documentale, payin, rimborsi, rappel)
A5: =+INDEX('Dizionario campi'!A:A,MATCH(B5,'Dizionario campi'!B:B,0),1) -> D4 | B5: Categoria prodotto | C5: Infinity | D5: Raggruppare a livello di elemento più basso del catalogo prodotti disponibile
A6: =+INDEX('Dizionario campi'!A:A,MATCH(B6,'Dizionario campi'!B:B,0),1) -> D13 | B6: Importo | C6: Infinity | D6: Voci principali per cui è presente la suddivisione per categoria prodotto (payout, servizi di certificazione documentale, payin, rimborsi, rappel)
A7: =+INDEX('Dizionario campi'!A:A,MATCH(B7,'Dizionario campi'!B:B,0),1) -> D19 | B7: Data di riferimento | C7: Infinity | D7: Data di competenza
A8: =+INDEX('Dizionario campi'!A:A,MATCH(B8,'Dizionario campi'!B:B,0),1) -> D2 | B8: Anno di riferimento | C8: Infinity | D8: Anno di competenza
A9: =+INDEX('Dizionario campi'!A:A,MATCH(B9,'Dizionario campi'!B:B,0),1) -> D3 | B9: Mese di riferimento | C9: Infinity | D9: Mese di competenza

Sheet INF2.1-Input map bil mese
A1: Codice campo | B1: Campo | C1: Fonte | D1: Indicazioni per l'estrazione
A2: =+INDEX('Dizionario campi'!A:A,MATCH(B2,'Dizionario campi'!B:B,0),1) -> D0 | B2: Data estrazione | C2: Infinity | D2: Data in cui si estraggono gli input
A3: =+INDEX('Dizionario campi'!A:A,MATCH(B3,'Dizionario campi'!B:B,0),1) -> D2 | B3: Anno di riferimento | C3: Infinity | D3: Anno di competenza
A4: =+INDEX('Dizionario campi'!A:A,MATCH(B4,'Dizionario campi'!B:B,0),1) -> D3 | B4: Mese di riferimento | C4: Infinity | D4: Mese di competenza
A5: =+INDEX('Dizionario campi'!A:A,MATCH(B5,'Dizionario campi'!B:B,0),1) -> D15 | B5: Conto contabile | C5: Infinity | D5: Tutte le voci, alcune serviranno da input veri e propri, le altre (i cui input provengono da Campus e Campus 2.0) verranno utilizzate ai fini della riconciliazione
A6: =+INDEX('Dizionario campi'!A:A,MATCH(B6,'Dizionario campi'!B:B,0),1) -> D16 | B6: Voce | C6: Infinity | D6: Tutte le voci, alcune serviranno da input veri e propri, le altre (i cui input provengono da Campus e Campus 2.0) verranno utilizzate ai fini della riconciliazione
A7: =+INDEX('Dizionario campi'!A:A,MATCH(B7,'Dizionario campi'!B:B,0),1) -> D13 | B7: Importo | C7: Infinity | D7: Tutte le voci, alcune serviranno da input veri e propri, le altre (i cui input provengono da Campus e Campus 2.0) verranno utilizzate ai fini della riconciliazione

Sheet INF2.1-Input map bil YTD
A1: Codice campo | B1: Campo | C1: Fonte | D1: Indicazioni per l'estrazione
A2: =+INDEX('Dizionario campi'!A:A,MATCH(B2,'Dizionario campi'!B:B,0),1) -> D0 | B2: Data estrazione | C2: Infinity | D2: Data in cui si estraggono gli input
A3: =+INDEX('Dizionario campi'!A:A,MATCH(B3,'Dizionario campi'!B:B,0),1) -> D2 | B3: Anno di riferimento | C3: Infinity | D3: Anno di competenza
A4: =+INDEX('Dizionario campi'!A:A,MATCH(B4,'Dizionario campi'!B:B,0),1) -> D3 | B4: Mese di riferimento | C4: Infinity | D4: Mese di competenza
A5: =+INDEX('Dizionario campi'!A:A,MATCH(B5,'Dizionario campi'!B:B,0),1) -> D15 | B5: Conto contabile | C5: Infinity | D5: Tutte le voci, alcune serviranno da input veri e propri, le altre (i cui input provengono da Campus e Campus 2.0) verranno utilizzate ai fini della riconciliazione
A6: =+INDEX('Dizionario campi'!A:A,MATCH(B6,'Dizionario campi'!B:B,0),1) -> D16 | B6: Voce | C6: Infinity | D6: Tutte le voci, alcune serviranno da input veri e propri, le altre (i cui input provengono da Campus e Campus 2.0) verranno utilizzate ai fini della riconciliazione
A7: =+INDEX('Dizionario campi'!A:A,MATCH(B7,'Dizionario campi'!B:B,0),1) -> D13 | B7: Importo | C7: Infinity | D7: Tutte le voci, alcune serviranno da input veri e propri, le altre (i cui input provengono da Campus e Campus 2.0) verranno utilizzate ai fini della riconciliazione
